,rankDiff,wins,games,winPct
0,1,4,9,0.4444444444444444
1,2,3,6,0.5
2,3,1,6,0.16666666666666666
3,4,3,5,0.6
4,5,0,1,0.0
