,rankDiff,wins,games,winPct
0,1,5,16,0.3125
1,2,3,14,0.21428571428571427
2,3,10,23,0.43478260869565216
3,4,5,14,0.35714285714285715
4,5,7,16,0.4375
5,6,7,14,0.5
6,7,6,11,0.5454545454545454
7,8,5,9,0.5555555555555556
8,9,0,3,0.0
9,10,1,1,1.0
