,rankDiff,wins,games,winPct
0,1,5,9,0.5555555555555556
1,2,3,6,0.5
2,3,5,6,0.8333333333333334
3,4,2,5,0.4
4,5,1,1,1.0
